[
{"url": "https://efile.fara.gov/pls/apex/f?p=185:200:0::NO:RP,200:P200_REG_NUMBER,P200_DOC_TYPE,P200_COUNTRY:6344,Exhibit%20AB,*ST.%20MARTIN", "country": "*ST. MARTIN", "foreign_principal": "Tromp, Emsley", "reg_num": "6344", "state": "FL", "address": "808 Brickell Key Drive #606Miami  33131", "date": "2018-04-24T00:00:00", "registrant": "Livingston Group, LLC", "exhibit_url": "No Documents Found."},
{"url": "https://efile.fara.gov/pls/apex/f?p=185:200:0::NO:RP,200:P200_REG_NUMBER,P200_DOC_TYPE,P200_COUNTRY:6065,Exhibit%20AB,AFGHANISTAN", "country": "AFGHANISTAN", "foreign_principal": "Transformation and Continuity", "reg_num": "6065", "state": "VA", "address": "8105 Ainsworth AvenueSpringfield  22152", "date": "2014-07-03T00:00:00", "registrant": "Roberti + White, LLC", "exhibit_url": "http://www.fara.gov/docs/6065-Exhibit-AB-20140703-5.pdf"},
{"url": "https://efile.fara.gov/pls/apex/f?p=185:200:0::NO:RP,200:P200_REG_NUMBER,P200_DOC_TYPE,P200_COUNTRY:6399,Exhibit%20AB,ALBANIA", "country": "ALBANIA", "foreign_principal": "Democratic Party of Albania", "reg_num": "6399", "state": "", "address": "Bulevardi Zhan'dark 111000 Tirana  ", "date": "2018-06-12T00:00:00", "registrant": "Sonoran Policy Group, LLC", "exhibit_url": "http://www.fara.gov/docs/6399-Exhibit-AB-20180612-19.pdf"},
{"url": "https://efile.fara.gov/pls/apex/f?p=185:200:0::NO:RP,200:P200_REG_NUMBER,P200_DOC_TYPE,P200_COUNTRY:4776,Exhibit%20AB,ALGERIA", "country": "ALGERIA", "foreign_principal": "Government of the People's Democratic Republic of Algeria, Embassy", "reg_num": "4776", "state": "DC", "address": "2118 Kalorama Road, NWWashington  20008", "date": "2007-05-25T00:00:00", "registrant": "Foley Hoag, LLP", "exhibit_url": "http://www.fara.gov/docs/4776-Exhibit-AB-20070525-9.pdf"},
{"url": "https://efile.fara.gov/pls/apex/f?p=185:200:0::NO:RP,200:P200_REG_NUMBER,P200_DOC_TYPE,P200_COUNTRY:6398,Exhibit%20AB,ANGOLA", "country": "ANGOLA", "foreign_principal": "Movimento de Uniao Nacional (M.U.N) Angola", "reg_num": "6398", "state": "", "address": "  ", "date": "2016-12-01T00:00:00", "registrant": "Movimento de Uniao Nacional (M.U.N) Angola", "exhibit_url": "http://www.fara.gov/docs/6398-Exhibit-AB-20161201-2.pdf"},
{"url": "https://efile.fara.gov/pls/apex/f?p=185:200:0::NO:RP,200:P200_REG_NUMBER,P200_DOC_TYPE,P200_COUNTRY:2244,Exhibit%20AB,ANTIGUA%20%26%20BARBUDA", "country": "ANTIGUA & BARBUDA", "foreign_principal": "Government of Antigua and Barbuda", "reg_num": "2244", "state": "", "address": "Attorney General's ChambersGovernment Office Complex Parliament Drive P.O. Box 118 St. Johns  ", "date": "2012-08-24T00:00:00", "registrant": "Hogan Lovells US LLP", "exhibit_url": "http://www.fara.gov/docs/2244-Exhibit-AB-20140331-51.pdf"},
{"url": "https://efile.fara.gov/pls/apex/f?p=185:200:0::NO:RP,200:P200_REG_NUMBER,P200_DOC_TYPE,P200_COUNTRY:6489,Exhibit%20AB,ARMENIA", "country": "ARMENIA", "foreign_principal": "Minister of Defense of the Republic of Armenia", "reg_num": "6489", "state": "", "address": "0044 5 Bagrevand StreetYerevan  ", "date": "2017-11-14T00:00:00", "registrant": "Boyamian, Avedis", "exhibit_url": "http://www.fara.gov/docs/6489-Exhibit-AB-20171114-1.pdf"},
{"url": "https://efile.fara.gov/pls/apex/f?p=185:200:0::NO:RP,200:P200_REG_NUMBER,P200_DOC_TYPE,P200_COUNTRY:2987,Exhibit%20AB,ARUBA", "country": "ARUBA", "foreign_principal": "Government of Aruba", "reg_num": "2987", "state": "", "address": "Oranjestad  ", "date": "1978-12-29T00:00:00", "registrant": "Aruba Tourism Authority", "exhibit_url": "http://www.fara.gov/docs/2987-Exhibit-AB-19781201-D0EE2403.pdf"},
{"url": "https://efile.fara.gov/pls/apex/f?p=185:200:0::NO:RP,200:P200_REG_NUMBER,P200_DOC_TYPE,P200_COUNTRY:1032,Exhibit%20AB,AUSTRALIA", "country": "AUSTRALIA", "foreign_principal": "Australian National Travel Association", "reg_num": "1032", "state": "", "address": "Melbourne  ", "date": "1957-06-03T00:00:00", "registrant": "Tourism Australia", "exhibit_url": "http://www.fara.gov/docs/1032-Exhibit-AB-19680401-CYXK1I02.pdf"},
{"url": "https://efile.fara.gov/pls/apex/f?p=185:200:0::NO:RP,200:P200_REG_NUMBER,P200_DOC_TYPE,P200_COUNTRY:6549,Exhibit%20AB,AUSTRALIA", "country": "AUSTRALIA", "foreign_principal": "Tourism Australia", "reg_num": "6549", "state": "CA", "address": "2029 Century Park E Ste 3150Los Angeles  90067", "date": "2018-04-30T00:00:00", "registrant": "Myriad International Marketing, LLC", "exhibit_url": "http://www.fara.gov/docs/6549-Exhibit-AB-20180601-23.pdf"},
{"url": "https://efile.fara.gov/pls/apex/f?p=185:200:0::NO:RP,200:P200_REG_NUMBER,P200_DOC_TYPE,P200_COUNTRY:6549,Exhibit%20AB,AUSTRALIA", "country": "AUSTRALIA", "foreign_principal": "Melbourne Convention & Visitors Bureau", "reg_num": "6549", "state": "", "address": "Collins Square Tower Two, Level 28, 727 Collins StMelbourne, Victoria 3008  ", "date": "2018-04-30T00:00:00", "registrant": "Myriad International Marketing, LLC", "exhibit_url": "http://www.fara.gov/docs/6549-Exhibit-AB-20180601-23.pdf"},
{"url": "https://efile.fara.gov/pls/apex/f?p=185:200:0::NO:RP,200:P200_REG_NUMBER,P200_DOC_TYPE,P200_COUNTRY:6549,Exhibit%20AB,AUSTRALIA", "country": "AUSTRALIA", "foreign_principal": "Tourism Northern Territory", "reg_num": "6549", "state": "", "address": "Level 1, Alice PlazaAlice Springs, Northern Territory, 0870  ", "date": "2018-04-30T00:00:00", "registrant": "Myriad International Marketing, LLC", "exhibit_url": "http://www.fara.gov/docs/6549-Exhibit-AB-20180601-23.pdf"},
{"url": "https://efile.fara.gov/pls/apex/f?p=185:200:0::NO:RP,200:P200_REG_NUMBER,P200_DOC_TYPE,P200_COUNTRY:4450,Exhibit%20AB,AUSTRALIA", "country": "AUSTRALIA", "foreign_principal": "New South Wales Tourism Commission (Government of New South Wales)", "reg_num": "4450", "state": "", "address": "Sydney  ", "date": "1990-12-18T00:00:00", "registrant": "Destination New South Wales", "exhibit_url": "http://www.fara.gov/docs/4450-Exhibit-AB-19901201-D1PNXS02.pdf"},
{"url": "https://efile.fara.gov/pls/apex/f?p=185:200:0::NO:RP,200:P200_REG_NUMBER,P200_DOC_TYPE,P200_COUNTRY:6526,Exhibit%20AB,AUSTRALIA", "country": "AUSTRALIA", "foreign_principal": "Embassy of Australia", "reg_num": "6526", "state": "DC", "address": "1601 Massachusetts Avenue, NWWashington  20036", "date": "2018-02-15T00:00:00", "registrant": "Hamilton Place Strategies, LLC", "exhibit_url": "http://www.fara.gov/docs/6526-Exhibit-AB-20180312-2.pdf"},
{"url": "https://efile.fara.gov/pls/apex/f?p=185:200:0::NO:RP,200:P200_REG_NUMBER,P200_DOC_TYPE,P200_COUNTRY:5041,Exhibit%20AB,AUSTRIA", "country": "AUSTRIA", "foreign_principal": "Federal Economic Chamber of Austria (Wirtschftskammer Oesterreichs)", "reg_num": "5041", "state": "", "address": "Vienna  ", "date": "1995-08-17T00:00:00", "registrant": "Austrian Trade Commission in the U.S., Southern Region", "exhibit_url": "http://www.fara.gov/docs/5041-Exhibit-AB-19950920-DHOGQU01.pdf"}
]